,n_decoder_lyrs=2,n_decoder_lyrs=4,n_decoder_lyrs=6,n_decoder_lyrs=8,n_decoder_lyrs=10,n_decoder_lyrs=12
n_heads=2,1.7252059808144202,1.7259898882645828,1.7283362801258382,1.7276315698256859,1.728763178678659,1.7272097615095288
n_heads=5,1.710972926249871,1.7080694015209488,1.7076151985388535,1.7084279188743003,1.7088464269271264,1.7101549102709843
n_heads=10,1.7061507114997276,1.6964632932956403,1.7000604702876163,1.7046173306611867,1.706123166817885,1.707499986428481
