,dropout_p=0.0,dropout_p=0.1,dropout_p=0.2,dropout_p=0.30000000000000004,dropout_p=0.4,dropout_p=0.5
n_heads=2,1.717992148032555,1.7245599893423225,1.7333073194210347,1.732686856159797,1.7344683922254123,1.739735310811263
n_heads=5,1.6946482860125027,1.708749191577618,1.7274633361743046,1.7329536392138554,1.7353279223808875,1.7400115508299607
n_heads=10,1.6775598305922288,1.7013619202833907,1.7137995298092181,1.7302273493546707,1.7348419657120338,1.7402587477977458
