,n_encoder_lyrs=2,n_encoder_lyrs=4,n_encoder_lyrs=6,n_encoder_lyrs=8,n_encoder_lyrs=10,n_encoder_lyrs=12
n_heads=2,1.6316370065395644,1.6313543594800506,1.6242987394332886,1.6277230767103341,1.6234737304540783,1.635922331076402
n_heads=5,1.6288358028118428,1.626833769908318,1.6346761336693398,1.6259612266833965,1.6261786204117992,1.635750377178192
n_heads=10,1.633724746337304,1.6294738366053658,1.6293732395538918,1.6301945154483501,1.6329096464010386,1.6295103173989518
