,n_decoder_lyrs=2,n_decoder_lyrs=4,n_decoder_lyrs=6,n_decoder_lyrs=8,n_decoder_lyrs=10,n_decoder_lyrs=12
n_heads=2,1.665771374335656,1.6413629440160897,1.6338358530631432,1.6227980173551118,1.6236139068236717,1.627657993023212
n_heads=5,1.653197494836954,1.6382546479885396,1.629134661417741,1.6284621981474072,1.6277685440503635,1.637730957911565
n_heads=10,1.6502417536882252,1.6281564538295452,1.6252796008036685,1.6301405393160309,1.6344249578622674,1.6444057299540593
