,dropout_p=0.0,dropout_p=0.1,dropout_p=0.2,dropout_p=0.30000000000000004,dropout_p=0.4,dropout_p=0.5
n_heads=2,1.6124742058607247,1.6274607951824482,1.6477990012902477,1.6721491373502293,1.6993109904802761,1.7193762293228736
n_heads=5,1.6053322507784915,1.6362880266629731,1.6556880162312435,1.6787701707619889,1.7024311359112079,1.7243327718514663
n_heads=10,1.6171667860104488,1.6321336920444782,1.6532915665553165,1.6808741147701558,1.7012040991049546,1.718282579458677
