,n_experts=2,n_experts=3,n_experts=4,n_experts=5,n_experts=6
n_heads=2,1.7185710054177505,1.7310778168531562,1.7288247154309198,1.7244435778030982,1.7286899878428532
n_heads=5,1.7135088251187252,1.706058924014752,1.7073577761650085,1.713393379174746,1.7111087863261887
n_heads=10,1.7004027384978078,1.7063219666481018,1.7066049410746646,1.7021220363103429,1.701604256263146
