,n_decoder_lyrs=2,n_decoder_lyrs=4,n_decoder_lyrs=6,n_decoder_lyrs=8,n_decoder_lyrs=10,n_decoder_lyrs=12
n_heads=2,1.7257341027259827,1.7282198594166682,1.7235029945006737,1.7254371569706843,1.7288727384347182,1.7268954056959884
n_heads=5,1.7111029789997982,1.7108536491027244,1.7060676207909218,1.7100605836281406,1.7127610014035153,1.711552566748399
n_heads=10,1.7003280392059914,1.6934136042228112,1.7042298096876878,1.7026507212565494,1.7073882836561936,1.708056605779208
