,dropout_p=0.0,dropout_p=0.1,dropout_p=0.2,dropout_p=0.30000000000000004,dropout_p=0.4,dropout_p=0.5
n_heads=2,1.721571926887219,1.728087763602917,1.7338545744235698,1.7331244303629947,1.733878743648529,1.7389011318867023
n_heads=5,1.7031937764241145,1.7070119325931254,1.7270885440019463,1.732085142685817,1.7346488154851474,1.7409338309214664
n_heads=10,1.6697340433414165,1.7067222741933967,1.7142629531713633,1.7308916522906377,1.7346173873314492,1.74076065833752
